Variante,Similaridade
rszz,41.958887545344616
raszz,49.334945586457074
lszz,36.396614268440146
bszz,85.57033454252317
maszz,97.13825070536075
unl_szz,28.093510681176948
