Variante,Similaridade
rszz,41.50717703349282
raszz,45.67164179104478
lszz,35.833333333333336
bszz,73.05574673090159
maszz,89.95893990294887
unl_szz,19.908597543558983
