Variante,Similaridade
maszz,97.13825070536075
lszz,36.396614268440146
rszz,41.958887545344616
bszz,85.57033454252317
raszz,49.334945586457074
