Variante,Similaridade
rszz,37.872841444270016
raszz,42.73940345368917
lszz,31.711145996860285
agszz,83.32025117739403
maszz,81.31868131868131
unl_szz,31.59340659340659
