Variante,Similaridade
rszz,36.40135797812146
raszz,37.786259541984734
lszz,30.12677106636838
agszz,73.05574673090159
maszz,67.18547341115433
unl_szz,23.265895953757227
