Variante,Similaridade
maszz,81.31868131868131
agszz,83.32025117739403
lszz,31.711145996860285
rszz,37.872841444270016
raszz,42.73940345368917
