Variante,Similaridade
rszz,75.3715498938429
raszz,50.0
agszz,95.85987261146497
bszz,85.77494692144374
maszz,100.0
unl_szz,32.1656050955414
