Variante,Similaridade
maszz,100.0
agszz,95.85987261146497
rszz,75.3715498938429
bszz,85.77494692144374
raszz,50.0
