Variante,Similaridade
rszz,54.61538461538461
raszz,24.868004223864837
agszz,35.833333333333336
bszz,30.12677106636838
maszz,36.11963190184049
unl_szz,12.860780984719863
