Variante,Similaridade
agszz,92.4079754601227
lszz,36.11963190184049
rszz,40.95092024539878
bszz,79.4478527607362
raszz,51.03527607361963
