Variante,Similaridade
rszz,40.95092024539878
raszz,51.03527607361963
lszz,36.11963190184049
agszz,92.4079754601227
bszz,79.4478527607362
unl_szz,27.64570552147239
