Variante,Similaridade
rszz,40.95092024539878
raszz,49.29629629629629
lszz,36.11963190184049
agszz,89.95893990294887
bszz,67.18547341115433
unl_szz,20.005549389567147
