Variante,Similaridade
rszz,25.36487166582788
lszz,24.868004223864837
agszz,45.67164179104478
bszz,37.786259541984734
maszz,49.29629629629629
unl_szz,15.483633688856196
