Variante,Similaridade
rszz,35.4181307097681
lszz,33.09908643710471
agszz,86.01546029515109
bszz,76.52846099789178
maszz,93.53478566408995
unl_szz,29.585382993675335
