Variante,Similaridade
maszz,93.53478566408995
agszz,86.01546029515109
lszz,33.09908643710471
rszz,35.4181307097681
bszz,76.52846099789178
