Variante,Similaridade
maszz,100.0
agszz,97.47191011235955
lszz,66.47940074906367
bszz,90.3558052434457
raszz,47.19101123595505
