Variante,Similaridade
raszz,47.19101123595505
lszz,66.47940074906367
agszz,97.47191011235955
bszz,90.3558052434457
maszz,100.0
unl_szz,23.03370786516854
