Variante,Similaridade
raszz,25.36487166582788
lszz,54.61538461538461
agszz,41.50717703349282
bszz,36.40135797812146
maszz,40.95092024539878
unl_szz,9.68885387948011
