Variante,Similaridade
rszz,9.68885387948011
raszz,15.483633688856196
lszz,12.860780984719863
agszz,19.908597543558983
bszz,23.265895953757227
maszz,20.005549389567147
