Variante,Similaridade
rszz,14.327315084449621
raszz,24.51951077460687
lszz,17.647058823529413
agszz,40.5940594059406
bszz,46.88410017472335
maszz,41.991846243447874
